-- phpMyAdmin SQL Dump
-- version 5.2.0
-- https://www.phpmyadmin.net/
--
-- Host: 127.0.0.1
-- Generation Time: Oct 31, 2023 at 10:50 PM
-- Server version: 10.4.27-MariaDB
-- PHP Version: 7.4.33

SET SQL_MODE = "NO_AUTO_VALUE_ON_ZERO";
START TRANSACTION;
SET time_zone = "+00:00";


/*!40101 SET @OLD_CHARACTER_SET_CLIENT=@@CHARACTER_SET_CLIENT */;
/*!40101 SET @OLD_CHARACTER_SET_RESULTS=@@CHARACTER_SET_RESULTS */;
/*!40101 SET @OLD_COLLATION_CONNECTION=@@COLLATION_CONNECTION */;
/*!40101 SET NAMES utf8mb4 */;

--
-- Database: `mds`
--

-- --------------------------------------------------------

--
-- Table structure for table `blogs`
--

CREATE TABLE `blogs` (
  `id` int(11) NOT NULL,
  `title` varchar(200) NOT NULL,
  `content` varchar(7000) NOT NULL,
  `date` date NOT NULL DEFAULT current_timestamp(),
  `category` enum('INDUSTRY','NEWS','PARTNERS') NOT NULL,
  `img` varchar(300) NOT NULL
) ENGINE=InnoDB DEFAULT CHARSET=utf8mb4 COLLATE=utf8mb4_general_ci;

--
-- Dumping data for table `blogs`
--

INSERT INTO `blogs` (`id`, `title`, `content`, `date`, `category`, `img`) VALUES
(1, 'Unrivaled Quality and Service: Choosing MDS Metals for Your Ferroalloys Needs', '<p>Welcome to MDS Metals, where we bring you unparalleled quality and service in the world of ferroalloys distribution. With a rich history rooted in family values and a dynamic, startup-like energy, we are revolutionizing the way businesses source their ferroalloys in the European market.</p>\r\n<h2>Navigating the Ferroalloys Market with Ease</h2>\r\n<p>In the bustling ferroalloys industry, finding a reliable and efficient supplier can be a daunting task. That\'s where MDS Metals comes in. As a leading distributor in the Western European market, we have garnered a reputation for delivering exceptional quality, just-in-time delivery, and competitive pricing.</p>\r\n<h3>The MDS Metals Advantage</h3>\r\n<p>What sets us apart from the competition? Here\'s a closer look at the unique benefits of choosing MDS Metals:</p>\r\n<h4><strong>1. Extensive Inventory:</strong></h4>\r\n<p>We take pride in holding large quantities of buffer stocks, ensuring that we can meet your demands, no matter how large or urgent.</p>\r\n<h4><strong>2. In-House Logistics:</strong></h4>\r\n<p>Our own logistics fleet guarantees that your materials are delivered on time, every time, directly to your doorstep.</p>\r\n<h4><strong>3. Quality Assurance:</strong></h4>\r\n<p>Quality is at the heart of everything we do. All our products meet strict quality standards and come with certificates from reputable manufacturers, giving you peace of mind with every purchase.</p>\r\n<h4><strong>4. Competitive Pricing:</strong></h4>\r\n<p>We are committed to providing the most competitive offers in the South-East European market, ensuring you get the best value for your money.</p>\r\n<h4><strong>5. Personalized Service:</strong></h4>\r\n<p>Our experienced team is dedicated to understanding your unique needs and providing tailored solutions to meet them.</p>\r\n<h2>Transforming Your Business with MDS Metals</h2>\r\n<p>Choosing MDS Metals means partnering with a company that is as invested in your success as you are. Our extensive experience, coupled with a robust management team, positions us to help you dominate the ferroalloys market. With MDS Metals, you are choosing a partner that stands for quality, reliability, and unparalleled service.</p>\r\n<h3><strong>Contact Us Today</strong></h3>\r\n<p>Ready to experience the MDS Metals difference? Contact us today to discuss your ferroalloys needs, or request a quote directly from our website. Let us show you why MDS Metals is the premier choice in ferroalloy distribution.</p>', '2023-10-26', 'INDUSTRY', '-'),
(2, 'Elevating Your Industry Standards: Why MDS Metals is Your Go-To Ferroalloys Supplier', '<p>At MDS Metals, we understand the pivotal role that ferroalloys play in various industries. From steel manufacturing to alloy production, the quality of your ferroalloys directly impacts the integrity of your final products. That&rsquo;s why we have positioned ourselves as the leading ferroalloys distributor in the Western European market, committed to setting new standards in quality, reliability, and service.</p>\r\n<h2>Ferroalloys: A Critical Component in Manufacturing</h2>\r\n<p>Ferroalloys are indispensable in the creation of high-quality metals. They enhance the strength, durability, and overall performance of alloys, making them crucial for industries that demand excellence. At MDS Metals, we provide a wide range of ferroalloys to meet your specific requirements, ensuring that your manufacturing processes are seamless and efficient.</p>\r\n<h3>The MDS Metals Promise: Quality, Reliability, and Efficiency</h3>\r\n<h4><strong>1. Just-In-Time Delivery:</strong></h4>\r\n<p>We understand that time is of the essence in the manufacturing industry. With our own logistics and a commitment to holding large stocks of goods, we guarantee just-in-time delivery, ensuring that you have the materials you need, when you need them.</p>\r\n<h4><strong>2. Uncompromising Quality:</strong></h4>\r\n<p>Quality is the cornerstone of our business. All our products adhere to stringent quality standards, and we provide goods exclusively from certified manufacturers. With MDS Metals, you can trust that you are receiving the best the market has to offer.</p>\r\n<h4><strong>3. Competitive Pricing:</strong></h4>\r\n<p>We are proud to offer the most competitive prices in the South-East European market, ensuring that you receive unparalleled value without compromising on quality.</p>\r\n<h4><strong>4. Expertise and Experience:</strong></h4>\r\n<p>With years of experience and a dedicated management team, we bring a wealth of knowledge and expertise to the table. We are well-equipped to help you navigate the ferroalloys market, providing insights and solutions tailored to your specific needs.</p>\r\n<h2>Leveraging the MDS Metals Advantage</h2>\r\n<p>By choosing MDS Metals, you are selecting a partner that is dedicated to elevating your industry standards. We are not just a supplier; we are a partner invested in your success, committed to providing you with the materials and support you need to thrive in a competitive market.</p>', '2023-10-26', 'NEWS', '-'),
(3, 'Harnessing the Power of High-Quality Ferroalloys with MDS Metals', '<p>MDS Metals stands at the forefront of the ferroalloys distribution industry, serving the Western European market with unparalleled dedication and expertise. Our commitment to quality, timely delivery, and customer satisfaction sets us apart, making us the preferred choice for businesses seeking top-notch ferroalloys solutions.</p>\r\n<h2>The Essential Role of Ferroalloys in Modern Industry</h2>\r\n<p>Ferroalloys play a crucial role in enhancing the properties of metals, providing the strength, resilience, and versatility required for today&rsquo;s demanding industrial applications. Whether it&rsquo;s in the construction of sturdy infrastructure, the production of durable automotive parts, or the creation of high-performance aerospace components, ferroalloys are indispensable.</p>\r\n<h3>Why Choose MDS Metals for Your Ferroalloys Needs?</h3>\r\n<h4><strong>1. A Wealth of Experience:</strong></h4>\r\n<p>Our family-run business brings years of accumulated knowledge and expertise, ensuring that we understand the intricacies of the ferroalloys market like no other.</p>\r\n<h4><strong>2. Large Inventory, Prompt Delivery:</strong></h4>\r\n<p>We pride ourselves on maintaining large buffer stocks of various ferroalloys, ensuring that we can meet your demands promptly and efficiently. Our in-house logistics ensure that your order reaches you on time, every time.</p>\r\n<h4><strong>3. Unmatched Quality Standards:</strong></h4>\r\n<p>At MDS Metals, we never compromise on quality. All our products meet stringent international standards, backed by certificates from reputed manufacturers.</p>\r\n<h4><strong>4. Competitive Pricing and Flexible Payment Terms:</strong></h4>\r\n<p>We offer the most competitive prices in the South-East European market, coupled with flexible payment terms to cater to the unique needs of our clients.</p>\r\n<h4><strong>5. Personalized Customer Service:</strong></h4>\r\n<p>Our team is dedicated to providing personalized service, ensuring that we understand your requirements in detail and provide solutions that are tailor-made for your business.</p>\r\n<h2>Join the Ranks of Satisfied MDS Metals Customers</h2>\r\n<p>Don&rsquo;t just take our word for it; let the experiences of our satisfied customers speak for themselves. Our testimonials reflect our commitment to excellence and our unwavering dedication to our clients&rsquo; success.</p>', '2023-10-26', 'INDUSTRY', '-');

-- --------------------------------------------------------

--
-- Table structure for table `categories`
--

CREATE TABLE `categories` (
  `id` int(11) NOT NULL,
  `title` varchar(200) NOT NULL,
  `short` varchar(200) NOT NULL,
  `excerpt` varchar(500) DEFAULT NULL
) ENGINE=InnoDB DEFAULT CHARSET=utf8mb4 COLLATE=utf8mb4_general_ci;

--
-- Dumping data for table `categories`
--

INSERT INTO `categories` (`id`, `title`, `short`, `excerpt`) VALUES
(1, 'Ferroalloys', 'ferroalloys', 'Discover top-grade ferroalloys at MDS Metals, enhancing the properties of your metals with our premium selection. Perfect for diverse industrial applications, ensuring strength, resilience, and performance.'),
(2, 'Non-ferrous metals', 'nonferrousmetals', 'Elevate your projects with our high-quality non-ferrous metals at MDS Metals, offering corrosion resistance, strength, and lightweight options for various applications.'),
(3, 'Minerals', 'minerals', 'Explore our extensive range of industrial minerals at MDS Metals, crucial for manufacturing and production processes. Quality assured for optimal performance and efficiency.'),
(4, 'Pig Iron', 'pigiron', 'Find premium pig iron at MDS Metals, an essential material for the iron and steel industry. Achieve high-quality results with our reliable and consistent products.'),
(5, 'Core Wire', 'corewire', 'Opt for MDS Metals\' core wire solutions, ensuring precise alloy additions to your steel melts. Enhance your production quality and efficiency with our reliable products.');

-- --------------------------------------------------------

--
-- Table structure for table `products`
--

CREATE TABLE `products` (
  `id` int(11) NOT NULL,
  `title` varchar(200) NOT NULL,
  `description` varchar(10000) NOT NULL,
  `category_id` int(2) NOT NULL,
  `image` varchar(300) NOT NULL
) ENGINE=InnoDB DEFAULT CHARSET=utf8mb4 COLLATE=utf8mb4_general_ci;

--
-- Dumping data for table `products`
--

INSERT INTO `products` (`id`, `title`, `description`, `category_id`, `image`) VALUES
(1, 'Core Wire', '<p><strong>Compozitie chimica:</strong></p>\n<table width=\"588\">\n<tbody>\n<tr>\n<td width=\"156\"><strong>Typ. chemical composition of fillers %</strong></td>\n<td width=\"59\">Ca</td>\n<td width=\"66\">Si</td>\n<td width=\"70\">Al</td>\n<td width=\"77\">P</td>\n<td width=\"63\">S</td>\n<td width=\"63\">C</td>\n<td width=\"70\">Ash</td>\n</tr>\n<tr>\n<td width=\"156\">Cored wire CaSi 30%</td>\n<td width=\"59\">min. 29</td>\n<td width=\"66\">min. 55</td>\n<td width=\"70\">max. 1.5</td>\n<td width=\"77\">&nbsp;</td>\n<td width=\"63\">&nbsp;</td>\n<td width=\"63\">&nbsp;</td>\n<td width=\"70\">&nbsp;</td>\n</tr>\n<tr>\n<td width=\"156\">Cored wire FeSi&nbsp;75%</td>\n<td width=\"59\">&nbsp;</td>\n<td width=\"66\">min. 70</td>\n<td width=\"70\">max 2.5</td>\n<td width=\"77\">max. 0.05</td>\n<td width=\"63\">&nbsp;</td>\n<td width=\"63\">&nbsp;</td>\n<td width=\"70\">&nbsp;</td>\n</tr>\n<tr>\n<td width=\"156\">Cored wire Carbon</td>\n<td width=\"59\">&nbsp;</td>\n<td width=\"66\">&nbsp;</td>\n<td width=\"70\">&nbsp;</td>\n<td width=\"77\">&nbsp;</td>\n<td width=\"63\">&nbsp;</td>\n<td width=\"63\">min. 97</td>\n<td width=\"70\">max. 0.8</td>\n</tr>\n<tr>\n<td width=\"156\">Cored wire Sulphur</td>\n<td width=\"59\">&nbsp;</td>\n<td width=\"66\">&nbsp;</td>\n<td width=\"70\">&nbsp;</td>\n<td width=\"77\">&nbsp;</td>\n<td width=\"63\">min. 99</td>\n<td width=\"63\">&nbsp;</td>\n<td width=\"70\">&nbsp;</td>\n</tr>\n<tr>\n<td width=\"156\">Plnen&yacute; profil CaFe</td>\n<td colspan=\"7\" width=\"470\">The calcium content in CaFe varies 27 &ndash; 31 %. The guaranteed purity of Calcium is min. 99 percent and iron powder contains under 0.06% of carbon, 0.02 % of sulphur and 0.02 % of phosphorus.</td>\n</tr>\n</tbody>\n</table>\n<p>&nbsp;</p>\n<table width=\"663\">\n<tbody>\n<tr>\n<td colspan=\"9\" width=\"663\">\n<p><strong>Technical specification of cored wire O. D. 13 mm</strong></p>\n</td>\n</tr>\n<tr>\n<td width=\"140\"><strong>Physical properties</strong></td>\n<td width=\"47\"><strong>Unit</strong></td>\n<td width=\"66\"><strong>FeSiCa 30%</strong></td>\n<td width=\"76\"><strong>S</strong></td>\n<td width=\"66\"><strong>C</strong></td>\n<td width=\"66\"><strong>CaFe 30/70</strong></td>\n<td width=\"66\"><strong>CaFeAl&nbsp;</strong><strong><br />25/50/25</strong></td>\n<td width=\"66\"><strong>Ti</strong></td>\n<td width=\"71\"><strong>CaFeAl&nbsp;</strong><strong><br />40/30/30</strong></td>\n</tr>\n<tr>\n<td width=\"140\">Steel thickness</td>\n<td width=\"47\">mm</td>\n<td width=\"66\">0.4</td>\n<td width=\"76\">0.4</td>\n<td width=\"66\">0.4</td>\n<td width=\"66\">0.4</td>\n<td width=\"66\">0.4</td>\n<td width=\"66\">0.4</td>\n<td width=\"71\">0.4</td>\n</tr>\n<tr>\n<td width=\"140\">Powder size</td>\n<td width=\"47\">mm</td>\n<td width=\"66\">0 &ndash; 2</td>\n<td width=\"76\">0 &ndash; 2</td>\n<td width=\"66\">0 &ndash; 2</td>\n<td width=\"66\">0 &ndash; 2</td>\n<td width=\"66\">0 &ndash; 2</td>\n<td width=\"66\">0 &ndash; 2</td>\n<td width=\"71\">0 &ndash; 2</td>\n</tr>\n<tr>\n<td width=\"140\">Filler&acute;s content</td>\n<td width=\"47\">g/m<sup>-1</sup></td>\n<td width=\"66\">225 &plusmn; 10</td>\n<td width=\"76\">180 &plusmn; 10</td>\n<td width=\"66\">160 &plusmn; 10</td>\n<td width=\"66\">270 &plusmn; 20</td>\n<td width=\"66\">225 &plusmn; 20</td>\n<td width=\"66\">225 &plusmn; 10</td>\n<td width=\"71\">170 &plusmn; 20</td>\n</tr>\n<tr>\n<td width=\"140\">Sheath content</td>\n<td width=\"47\">g/m<sup>-1</sup></td>\n<td width=\"66\">155</td>\n<td width=\"76\">155</td>\n<td width=\"66\">155</td>\n<td width=\"66\">155</td>\n<td width=\"66\">155</td>\n<td width=\"66\">155</td>\n<td width=\"71\">155</td>\n</tr>\n<tr>\n<td width=\"140\">Spec. wire weight 1m</td>\n<td width=\"47\">g/m<sup>-1</sup></td>\n<td width=\"66\">380</td>\n<td width=\"76\">335</td>\n<td width=\"66\">325</td>\n<td width=\"66\">425</td>\n<td width=\"66\">380</td>\n<td width=\"66\">380</td>\n<td width=\"71\">325</td>\n</tr>\n<tr>\n<td width=\"140\">Ratio filler/sheath</td>\n<td width=\"47\">%</td>\n<td width=\"66\">60</td>\n<td width=\"76\">54</td>\n<td width=\"66\">51</td>\n<td width=\"66\">64</td>\n<td width=\"66\">60,5</td>\n<td width=\"66\">59</td>\n<td width=\"71\">55,5</td>\n</tr>\n<tr>\n<td width=\"140\">Total wire length</td>\n<td width=\"47\">m</td>\n<td width=\"66\">3,200 &ndash; 6,700</td>\n<td width=\"76\">3,100 &ndash; 6,600</td>\n<td width=\"66\">3,100 &ndash; 6,600</td>\n<td width=\"66\">5,000</td>\n<td width=\"66\">3,200</td>\n<td width=\"66\">3,100</td>\n<td width=\"71\">4,900</td>\n</tr>\n<tr>\n<td width=\"140\">Total weight</td>\n<td width=\"47\">kg</td>\n<td width=\"66\">1,180 &ndash; 2,520</td>\n<td width=\"76\">1,000 &ndash; 2,150</td>\n<td width=\"66\">1,000 &ndash; 2,150</td>\n<td width=\"66\">2,100</td>\n<td width=\"66\">1,200</td>\n<td width=\"66\">1,200</td>\n<td width=\"71\">1,600</td>\n</tr>\n<tr>\n<td width=\"140\">Inner dia. of coil</td>\n<td width=\"47\">mm</td>\n<td width=\"66\">550</td>\n<td width=\"76\">550</td>\n<td width=\"66\">550</td>\n<td width=\"66\">550</td>\n<td width=\"66\">550</td>\n<td width=\"66\">550</td>\n<td width=\"71\">550</td>\n</tr>\n<tr>\n<td width=\"140\">Outside dia. of coil</td>\n<td width=\"47\">mm</td>\n<td width=\"66\">1,100 &ndash; 1,430</td>\n<td width=\"76\">1,100 &ndash; 1,430</td>\n<td width=\"66\">1,100 &ndash; 1,430</td>\n<td width=\"66\">1,300</td>\n<td width=\"66\">1,100</td>\n<td width=\"66\">1,100</td>\n<td width=\"71\">1,300</td>\n</tr>\n<tr>\n<td width=\"140\">Width of coil</td>\n<td width=\"47\">mm</td>\n<td width=\"66\">800</td>\n<td width=\"76\">800</td>\n<td width=\"66\">800</td>\n<td width=\"66\">800</td>\n<td width=\"66\">800</td>\n<td width=\"66\">800</td>\n<td width=\"71\">800</td>\n</tr>\n</tbody>\n</table>\n<p>&nbsp;</p>\n<table width=\"647\">\n<tbody>\n<tr>\n<td colspan=\"6\" width=\"518\"><strong>Technical specification of cored wire O. D. 13 mm</strong></td>\n</tr>\n<tr>\n<td width=\"140\"><strong>Physical properties</strong></td>\n<td width=\"47\">Unit</td>\n<td width=\"95\"><strong>FeSiCa 30%</strong></td>\n<td width=\"96\"><strong>Sulphur</strong></td>\n<td width=\"66\"><strong>Carbon</strong></td>\n<td width=\"74\"><strong>FeSi 75%</strong></td>\n</tr>\n<tr>\n<td width=\"140\">Steel thickness</td>\n<td width=\"47\">mm</td>\n<td width=\"95\">0.4</td>\n<td width=\"96\">0.4</td>\n<td width=\"66\">0.4</td>\n<td width=\"74\">0.4</td>\n</tr>\n<tr>\n<td width=\"140\">Powder size</td>\n<td width=\"47\">mm</td>\n<td width=\"95\">0 &ndash; 2</td>\n<td width=\"96\">0 &ndash; 2</td>\n<td width=\"66\">0 &ndash; 2</td>\n<td width=\"74\">0 &ndash; 2</td>\n</tr>\n<tr>\n<td width=\"140\">Filler&acute;s content</td>\n<td width=\"47\">g/m<sup>-1</sup></td>\n<td width=\"95\">105 &plusmn; 6</td>\n<td width=\"96\">80 &plusmn; 5</td>\n<td width=\"66\">77 &plusmn; 4</td>\n<td width=\"74\">110 &plusmn; 6</td>\n</tr>\n<tr>\n<td width=\"140\">Sheath content</td>\n<td width=\"47\">g/m<sup>-1</sup></td>\n<td width=\"95\">98</td>\n<td width=\"96\">98</td>\n<td width=\"66\">98</td>\n<td width=\"74\">98</td>\n</tr>\n<tr>\n<td width=\"140\">Spec. wire weight 1m</td>\n<td width=\"47\">g/m<sup>-1</sup></td>\n<td width=\"95\">203</td>\n<td width=\"96\">182</td>\n<td width=\"66\">175</td>\n<td width=\"74\">208</td>\n</tr>\n<tr>\n<td width=\"140\">Ratio filler/sheath</td>\n<td width=\"47\">%</td>\n<td width=\"95\">50</td>\n<td width=\"96\">46</td>\n<td width=\"66\">44</td>\n<td width=\"74\">51,5</td>\n</tr>\n<tr>\n<td width=\"140\">Total wire length</td>\n<td width=\"47\">m</td>\n<td width=\"95\">7300</td>\n<td width=\"96\">5,800 &ndash; 7,700</td>\n<td width=\"66\">5,800</td>\n<td width=\"74\">7,300</td>\n</tr>\n<tr>\n<td width=\"140\">Total weight</td>\n<td width=\"47\">kg</td>\n<td width=\"95\">1,500</td>\n<td width=\"96\">1,050</td>\n<td width=\"66\">1,000</td>\n<td width=\"74\">1,600</td>\n</tr>\n<tr>\n<td width=\"140\">Inner dia. of coil</td>\n<td width=\"47\">mm</td>\n<td width=\"95\">550</td>\n<td width=\"96\">520</td>\n<td width=\"66\">520</td>\n<td width=\"74\">550</td>\n</tr>\n<tr>\n<td width=\"140\">Outside dia. of coil</td>\n<td width=\"47\">mm</td>\n<td width=\"95\">1,100</td>\n<td width=\"96\">1,100</td>\n<td width=\"66\">1,100</td>\n<td width=\"74\">1,100</td>\n</tr>\n<tr>\n<td width=\"140\">Width of coil</td>\n<td width=\"47\">mm</td>\n<td width=\"95\">800</td>\n<td width=\"96\">600</td>\n<td width=\"66\">600</td>\n<td width=\"74\">800</td>\n</tr>\n</tbody>\n</table>', 5, 'https://elei.b-cdn.net/MDSMetals/products/wire-rope-fiber-core-250x250.jpg'),
(2, 'Calcium fluoride', '<p><strong>Compozitie Chimica</strong>:</p>\r\n<table class=\"table table-striped\" width=\"489\">\r\n<thead></thead>\r\n<tbody>\r\n<tr>\r\n<th scope=\"row\"><strong>CaF<sub>2</sub></strong></th>\r\n<td>85 &ndash; 92%</td>\r\n</tr>\r\n<tr>\r\n<th scope=\"row\"><strong>SiO</strong></th>\r\n<td>Max 10%</td>\r\n</tr>\r\n<tr>\r\n<th scope=\"row\"><strong>CaCO<sub>3</sub></strong></th>\r\n<td>3.00%</td>\r\n</tr>\r\n<tr>\r\n<th scope=\"row\"><strong>S+P</strong></th>\r\n<td>Max 0,1%</td>\r\n</tr>\r\n<tr>\r\n<th scope=\"row\"><strong>H<sub>2</sub>O</strong></th>\r\n<td>Max 1%</td>\r\n</tr>\r\n</tbody>\r\n</table>\r\n<p><strong>Granulatie</strong>: 10-70 mm</p>\r\n<p><br><br></p>', 3, 'https://elei.b-cdn.net/MDSMetals/products/calcium.jpg'),
(3, 'Magnesite', '<p><strong>Compozitie Chimica</strong>:</p>\r\n<table class=\"table table-striped\" width=\"489\">\r\n<thead></thead>\r\n<tbody>\r\n<tr>\r\n<th scope=\"row\"><strong>SiO<sub>2</sub></strong></th>\r\n<td><strong>1% max</strong></td>\r\n</tr>\r\n<tr>\r\n<th scope=\"row\"><strong>Fe<sub>2</sub>O<sub>3</sub></strong></th>\r\n<td><strong>10% max</strong></td>\r\n</tr>\r\n<tr>\r\n<th scope=\"row\"><strong>Al<sub>2</sub>O<sub>3</sub></strong></th>\r\n<td><strong>0,30%</strong></td>\r\n</tr>\r\n<tr>\r\n<th scope=\"row\"><strong>CaO</strong></th>\r\n<td><strong>10% max</strong></td>\r\n</tr>\r\n<tr>\r\n<th scope=\"row\"><strong>MgO</strong></th>\r\n<td><strong>80% min</strong></td>\r\n</tr>\r\n</tbody>\r\n</table>\r\n<p><strong>Granulatie</strong>: 0-2mm 40% &ndash; 2-8mm 60%</p>', 3, 'https://elei.b-cdn.net/MDSMetals/products/magnesite.jpg'),
(4, 'New Foundry Iron', '<p><strong>Compozitie chimica (conform STAS 202-80):</strong></p>\r\n<table class=\"table table-striped\" width=\"511\">\r\n<thead>\r\n<tr>\r\n<th>Marca</th>\r\n<th>Si</th>\r\n<th>Mn</th>\r\n<th>P</th>\r\n<th>S</th>\r\n<th>C</th>\r\n</tr>\r\n</thead>\r\n<tbody>\r\n<tr>\r\n<th scope=\"row\"><strong>L1</strong></th>\r\n<th scope=\"row\"><strong>3,2-3,6</strong></th>\r\n<th scope=\"row\"><strong>1 max</strong></th>\r\n<th scope=\"row\"><strong>0,08 max</strong></th>\r\n<th scope=\"row\"><strong>0,05 max</strong></th>\r\n<th scope=\"row\"><strong>3,5-4,5&nbsp;</strong></th>\r\n</tr>\r\n<tr>\r\n<th scope=\"row\"><strong>L2</strong></th>\r\n<th scope=\"row\"><strong>2,8-3,2</strong></th>\r\n<th scope=\"row\"><strong>1 max</strong></th>\r\n<th scope=\"row\"><strong>0,08 max</strong></th>\r\n<th scope=\"row\"><strong>0,05 max</strong></th>\r\n<th scope=\"row\"><strong>3,5-4,5&nbsp;</strong></th>\r\n</tr>\r\n<tr>\r\n<th scope=\"row\"><strong>L3</strong></th>\r\n<th scope=\"row\"><strong>2,4-2,8</strong></th>\r\n<th scope=\"row\"><strong>1 max</strong></th>\r\n<th scope=\"row\"><strong>0,08 max</strong></th>\r\n<th scope=\"row\"><strong>0,05 max</strong></th>\r\n<th scope=\"row\"><strong>3,5-4,5&nbsp;</strong></th>\r\n</tr>\r\n<tr>\r\n<th scope=\"row\"><strong>L4</strong></th>\r\n<th scope=\"row\"><strong>2,0-2,4</strong></th>\r\n<th scope=\"row\"><strong>1 max</strong></th>\r\n<th scope=\"row\"><strong>0,08 max</strong></th>\r\n<th scope=\"row\"><strong>0,05 max</strong></th>\r\n<th scope=\"row\"><strong>3,5-4,5&nbsp;</strong></th>\r\n</tr>\r\n<tr>\r\n<th scope=\"row\"><strong>L5</strong></th>\r\n<th scope=\"row\"><strong>1,6-2</strong></th>\r\n<th scope=\"row\"><strong>0,4-1</strong></th>\r\n<th scope=\"row\"><strong>0,1 max</strong></th>\r\n<th scope=\"row\"><strong>0,05 max</strong></th>\r\n<th scope=\"row\"><strong>3,5-4,5&nbsp;</strong></th>\r\n</tr>\r\n<tr>\r\n<th scope=\"row\"><strong>L6</strong></th>\r\n<th scope=\"row\"><strong>1,2-1,6</strong></th>\r\n<th scope=\"row\"><strong>0,4-1</strong></th>\r\n<th scope=\"row\"><strong>0,1 max</strong></th>\r\n<th scope=\"row\"><strong>0,05 max</strong></th>\r\n<th scope=\"row\"><strong>3,5-4,5&nbsp;</strong></th>\r\n</tr>\r\n<tr>\r\n<th scope=\"row\"><strong>P1</strong></th>\r\n<th scope=\"row\"><strong>0,5-0,9</strong></th>\r\n<th scope=\"row\"><strong>0,3-0,6</strong></th>\r\n<th scope=\"row\"><strong>0,05-0,08&nbsp;</strong></th>\r\n<th scope=\"row\"><strong>0,05 max</strong></th>\r\n<th scope=\"row\"><strong>3,5-4,5&nbsp;</strong></th>\r\n</tr>\r\n<tr>\r\n<th scope=\"row\"><strong>P2</strong></th>\r\n<th scope=\"row\"><strong>0,32-0,49</strong></th>\r\n<th scope=\"row\"><strong>0,3-0,6</strong></th>\r\n<th scope=\"row\"><strong>0,05-0,09&nbsp;</strong></th>\r\n<th scope=\"row\"><strong>0,05 max</strong></th>\r\n<th scope=\"row\"><strong>4,0-4,5&nbsp;</strong></th>\r\n</tr>\r\n<tr>\r\n<th scope=\"row\"><strong>PL1</strong></th>\r\n<th scope=\"row\"><strong>0,5-1,2</strong></th>\r\n<th scope=\"row\"><strong>1 max</strong></th>\r\n<th scope=\"row\"><strong>0,08 max</strong></th>\r\n<th scope=\"row\"><strong>0,05 max</strong></th>\r\n<th scope=\"row\"><strong>3,5-4,5&nbsp;</strong></th>\r\n</tr>\r\n<tr>\r\n<th scope=\"row\"><strong>PL2</strong></th>\r\n<th scope=\"row\"><strong>0,5-0,9</strong></th>\r\n<th scope=\"row\"><strong>1 max</strong></th>\r\n<th scope=\"row\"><strong>0,08 max</strong></th>\r\n<th scope=\"row\"><strong>0,05 max</strong></th>\r\n<th scope=\"row\"><strong>3,5-4,5&nbsp;</strong></th>\r\n</tr>\r\n<tr>\r\n<th scope=\"row\"><strong>FIP</strong></th>\r\n<th scope=\"row\"><strong>0,8 max</strong></th>\r\n<th scope=\"row\"><strong>0,1 max</strong></th>\r\n<th scope=\"row\"><strong>0,08 max</strong></th>\r\n<th scope=\"row\"><strong>0,03 max</strong></th>\r\n<th scope=\"row\"><strong>4,5 max</strong></th>\r\n</tr>\r\n</tbody>\r\n</table>\r\n<p><strong>Ambalarea produselor: vrac, Big-bags de 1000 kg sau conform cerintei clientului.</strong></p>', 4, 'https://elei.b-cdn.net/MDSMetals/products/pigiron.jpg'),
(5, 'Molybdenum Briquettes', '-', 2, 'https://elei.b-cdn.net/MDSMetals/products/moly-oxide-briquettes-215.jpg'),
(6, 'Molibdenum Metallic', '-', 2, 'https://elei.b-cdn.net/MDSMetals/products/molibdenum.png'),
(7, 'Aluminium Alloys', '<p><strong>Compozitii chimice :</strong></p>\r\n<p><strong>ENAC 45000 &ndash; AlSi6Cu4</strong></p>\r\n<table class=\"table table-striped\" width=\"441\">\r\n<thead></thead>\r\n<tbody>\r\n<tr>\r\n<th scope=\"row\">Si</th>\r\n<td>5 &ndash; 7</td>\r\n</tr>\r\n<tr>\r\n<th scope=\"row\">Fe</th>\r\n<td>Max 1</td>\r\n</tr>\r\n<tr>\r\n<th scope=\"row\">Cu</th>\r\n<td>3 &ndash; 5</td>\r\n</tr>\r\n<tr>\r\n<th scope=\"row\">Mn</th>\r\n<td>0,2 &ndash; 0,65</td>\r\n</tr>\r\n<tr>\r\n<th scope=\"row\">Mg</th>\r\n<td>Max 0,55</td>\r\n</tr>\r\n<tr>\r\n<th scope=\"row\">Cr</th>\r\n<td>Max 0,15</td>\r\n</tr>\r\n<tr>\r\n<th scope=\"row\">Ni</th>\r\n<td>Max 0,45</td>\r\n</tr>\r\n<tr>\r\n<th scope=\"row\">Zn</th>\r\n<td>Max 2</td>\r\n</tr>\r\n<tr>\r\n<th scope=\"row\">Pb</th>\r\n<td>Max 0,3</td>\r\n</tr>\r\n<tr>\r\n<th scope=\"row\">Sn</th>\r\n<td>Max 0,15</td>\r\n</tr>\r\n<tr>\r\n<th scope=\"row\">Ti</th>\r\n<td>Max 0,25</td>\r\n</tr>\r\n</tbody>\r\n</table>\r\n<p><strong>ENAB 46000 &ndash;&nbsp;AlSi9Cu3</strong></p>\r\n<table class=\"table table-striped\" width=\"441\">\r\n<thead></thead>\r\n<tbody>\r\n<tr>\r\n<th scope=\"row\">Si</th>\r\n<td>8 &ndash; 11</td>\r\n</tr>\r\n<tr>\r\n<th scope=\"row\">Fe</th>\r\n<td>Max 1,3</td>\r\n</tr>\r\n<tr>\r\n<th scope=\"row\">Cu</th>\r\n<td>2 &ndash; 4</td>\r\n</tr>\r\n<tr>\r\n<th scope=\"row\">Mn</th>\r\n<td>Max 0,55</td>\r\n</tr>\r\n<tr>\r\n<th scope=\"row\">Mg</th>\r\n<td>0,05 &ndash; 0,55</td>\r\n</tr>\r\n<tr>\r\n<th scope=\"row\">Cr</th>\r\n<td>Max 0,15</td>\r\n</tr>\r\n<tr>\r\n<th scope=\"row\">Ni</th>\r\n<td>Max 0,55</td>\r\n</tr>\r\n<tr>\r\n<th scope=\"row\">Zn</th>\r\n<td>Max 1,2</td>\r\n</tr>\r\n<tr>\r\n<th scope=\"row\">Pb</th>\r\n<td>Max 0,35</td>\r\n</tr>\r\n<tr>\r\n<th scope=\"row\">Sn</th>\r\n<td>Max 0,25</td>\r\n</tr>\r\n<tr>\r\n<th scope=\"row\">Ti</th>\r\n<td>Max 0,25</td>\r\n</tr>\r\n</tbody>\r\n</table>\r\n<p><strong>ENAB 46100 &ndash; AlSi11Cu2</strong></p>\r\n<table class=\"table table-striped\" width=\"441\">\r\n<thead></thead>\r\n<tbody>\r\n<tr>\r\n<th scope=\"row\">Si</th>\r\n<td>10 &ndash; 12</td>\r\n</tr>\r\n<tr>\r\n<th scope=\"row\">Fe</th>\r\n<td>Max 1,1</td>\r\n</tr>\r\n<tr>\r\n<th scope=\"row\">Cu</th>\r\n<td>1,5 &ndash; 2,5</td>\r\n</tr>\r\n<tr>\r\n<th scope=\"row\">Mn</th>\r\n<td>Max 0,55</td>\r\n</tr>\r\n<tr>\r\n<th scope=\"row\">Mg</th>\r\n<td>MAx 0,3</td>\r\n</tr>\r\n<tr>\r\n<th scope=\"row\">Cr</th>\r\n<td>Max 0,15</td>\r\n</tr>\r\n<tr>\r\n<th scope=\"row\">Ni</th>\r\n<td>Max 0,45</td>\r\n</tr>\r\n<tr>\r\n<th scope=\"row\">Zn</th>\r\n<td>Max&nbsp;1,7</td>\r\n</tr>\r\n<tr>\r\n<th scope=\"row\">Pb</th>\r\n<td>Max 0,25</td>\r\n</tr>\r\n<tr>\r\n<th scope=\"row\">Sn</th>\r\n<td>Max 0,25</td>\r\n</tr>\r\n<tr>\r\n<th scope=\"row\">Ti</th>\r\n<td>Max 0,25</td>\r\n</tr>\r\n</tbody>\r\n</table>\r\n<p><strong>ENAB 47100 &ndash; AlSi12Cu1</strong></p>\r\n<table class=\"table table-striped\" width=\"441\">\r\n<thead></thead>\r\n<tbody>\r\n<tr>\r\n<th scope=\"row\">Si</th>\r\n<td>10,5 &ndash; 13,5</td>\r\n</tr>\r\n<tr>\r\n<th scope=\"row\">Fe</th>\r\n<td>Max 1,3</td>\r\n</tr>\r\n<tr>\r\n<th scope=\"row\">Cu</th>\r\n<td>0,7 &ndash; 1,2</td>\r\n</tr>\r\n<tr>\r\n<th scope=\"row\">Mn</th>\r\n<td>Max 0,55</td>\r\n</tr>\r\n<tr>\r\n<th scope=\"row\">Mg</th>\r\n<td>Max 0,35</td>\r\n</tr>\r\n<tr>\r\n<th scope=\"row\">Cr</th>\r\n<td>Max 0,1</td>\r\n</tr>\r\n<tr>\r\n<th scope=\"row\">Ni</th>\r\n<td>Max 0,3</td>\r\n</tr>\r\n<tr>\r\n<th scope=\"row\">Zn</th>\r\n<td>Max&nbsp;0,55</td>\r\n</tr>\r\n<tr>\r\n<th scope=\"row\">Pb</th>\r\n<td>Max 0,2</td>\r\n</tr>\r\n<tr>\r\n<th scope=\"row\">Sn</th>\r\n<td>Max 0,1</td>\r\n</tr>\r\n<tr>\r\n<th scope=\"row\">Ti</th>\r\n<td>Max 0,2</td>\r\n</tr>\r\n</tbody>\r\n</table>\r\n<p><strong>Ambalarea produselor: vrac, Big-bags de 1000 kg, saci de rafie de 50 kg sau conform cerintei clientului.</strong></p>', 2, 'https://elei.b-cdn.net/MDSMetals/products/ALIAJE-DIN-ALUMINIU-1.jpeg'),
(8, 'Alloy Antifriction Composition', '<p><strong>Compozitie chimica (conform STAS 202-80):</strong></p>\r\n<table class=\"table table-striped\" width=\"511\">\r\n<thead>\r\n<tr>\r\n<th>Simbol chimic</th>\r\n<th>Y &ndash; Sn 80</th>\r\n<th>Y &ndash; Sn 83</th>\r\n<th>Y &ndash; Sn 89</th>\r\n</tr>\r\n</thead>\r\n<tbody>\r\n<tr>\r\n<th scope=\"row\"><strong>Sn</strong></th>\r\n<th scope=\"row\">79 &ndash; 81</th>\r\n<th scope=\"row\">82 &ndash; 84</th>\r\n<th scope=\"row\">88 &ndash; 90</th>\r\n</tr>\r\n<tr>\r\n<th scope=\"row\"><strong>Sb</strong></th>\r\n<th scope=\"row\">11 &ndash; 13</th>\r\n<th scope=\"row\">10 &ndash; 12</th>\r\n<th scope=\"row\">7 &ndash; 8</th>\r\n</tr>\r\n<tr>\r\n<th scope=\"row\"><strong>Cu</strong></th>\r\n<th scope=\"row\">5 &ndash; 7</th>\r\n<th scope=\"row\">5,5 &ndash; 6,5</th>\r\n<th scope=\"row\">3 &ndash; 4</th>\r\n</tr>\r\n<tr>\r\n<th scope=\"row\"><strong>Zn</strong></th>\r\n<th scope=\"row\">0,05</th>\r\n<th scope=\"row\">0,05</th>\r\n<th scope=\"row\">0,05</th>\r\n</tr>\r\n<tr>\r\n<th scope=\"row\"><strong>Pb</strong></th>\r\n<th scope=\"row\">Max 0,5</th>\r\n<th scope=\"row\">Max 0,5</th>\r\n<th scope=\"row\">Max 0,5</th>\r\n</tr>\r\n</tbody>\r\n</table>\r\n<p><strong>Certificat de calitate</strong></p>', 2, 'https://elei.b-cdn.net/MDSMetals/products/antifrictiune.jpg'),
(9, 'Electrolytic Cooper', '<p><strong>Compozitie chimica</strong>: Conform&nbsp;<strong>SR ISO 431-1995</strong></p>\r\n<table class=\"table table-striped\" width=\"441\">\r\n<thead></thead>\r\n<tbody>\r\n<tr>\r\n<th scope=\"row\">Cu</th>\r\n<td><strong>99,99%</strong></td>\r\n</tr>\r\n<tr>\r\n<th scope=\"row\">Pb</th>\r\n<td><strong>0,002%</strong></td>\r\n</tr>\r\n<tr>\r\n<th scope=\"row\">Cd</th>\r\n<td><strong>0,0001%</strong></td>\r\n</tr>\r\n<tr>\r\n<th scope=\"row\">Fe</th>\r\n<td><strong>0,0001%</strong></td>\r\n</tr>\r\n<tr>\r\n<th scope=\"row\">Sn</th>\r\n<td><strong>0,0001%</strong></td>\r\n</tr>\r\n<tr>\r\n<th scope=\"row\">Al</th>\r\n<td><strong>0,0001%</strong></td>\r\n</tr>\r\n</tbody>\r\n</table>\r\n<p><strong>Forma produsului</strong>: placi catodice</p>', 2, 'https://elei.b-cdn.net/MDSMetals/products/cupru-e%C8%99ectrolitic.jpg'),
(10, 'Metallic Chromium', '<p><strong>Compozitie chimica</strong>:</p>\r\n<table class=\"table table-striped\" width=\"441\">\r\n<thead></thead>\r\n<tbody>\r\n<tr>\r\n<th scope=\"row\">Cr</th>\r\n<td><strong>99.50%</strong></td>\r\n</tr>\r\n<tr>\r\n<th scope=\"row\">C</th>\r\n<td><strong>0.013%</strong></td>\r\n</tr>\r\n<tr>\r\n<th scope=\"row\">Si</th>\r\n<td><strong>0.10%</strong></td>\r\n</tr>\r\n<tr>\r\n<th scope=\"row\">P</th>\r\n<td><strong>0.003%</strong></td>\r\n</tr>\r\n<tr>\r\n<th scope=\"row\">Cu</th>\r\n<td><strong>0.001%</strong></td>\r\n</tr>\r\n<tr>\r\n<th scope=\"row\">Sb</th>\r\n<td><strong>0.002%</strong></td>\r\n</tr>\r\n<tr>\r\n<th scope=\"row\">Sn</th>\r\n<td><strong>0.001%</strong></td>\r\n</tr>\r\n<tr>\r\n<th scope=\"row\">O</th>\r\n<td><strong>0,17%</strong></td>\r\n</tr>\r\n<tr>\r\n<th scope=\"row\">Pb</th>\r\n<td><strong>0,0008%</strong></td>\r\n</tr>\r\n<tr>\r\n<th scope=\"row\">Fe</th>\r\n<td><strong>0,16%</strong></td>\r\n</tr>\r\n</tbody>\r\n</table>\r\n<p><strong>Granulatie</strong>: 10-50 mm</p>', 2, 'https://elei.b-cdn.net/MDSMetals/products/crom-metalic-2-1.jpg'),
(11, 'Metallic Silicon', '<p><strong>Compozitie chimica</strong>: conform&nbsp;<strong>STAS 9675/1980</strong></p>\r\n<table class=\"table table-striped\" width=\"511\">\r\n<thead>\r\n<tr>\r\n<th>Marca</th>\r\n<th><strong>Si</strong></th>\r\n<th><strong>Fe</strong></th>\r\n<th><strong>Al</strong></th>\r\n<th><strong>Ca</strong></th>\r\n</tr>\r\n</thead>\r\n<tbody>\r\n<tr>\r\n<th scope=\"row\"><strong>553</strong></th>\r\n<th scope=\"row\">98,5% min</th>\r\n<th scope=\"row\">0,5% max</th>\r\n<th scope=\"row\">0,5% max</th>\r\n<th scope=\"row\">0,3% max</th>\r\n</tr>\r\n<tr>\r\n<th scope=\"row\"><strong>441</strong></th>\r\n<th scope=\"row\">99% min</th>\r\n<th scope=\"row\">0,4% max</th>\r\n<th scope=\"row\">0,4% max</th>\r\n<th scope=\"row\">0,4% max</th>\r\n</tr>\r\n</tbody>\r\n</table>\r\n<p><strong>Granulatie</strong>: 10-100 mm</p>', 2, 'https://elei.b-cdn.net/MDSMetals/products/siliciu-metalic-3.jpg'),
(12, 'Metallic Manganese', '<p><strong>Compozitie chimica</strong>:</p>\r\n<table class=\"table table-striped\" width=\"511\">\r\n<thead>\r\n<tr>\r\n<th>Mn</th>\r\n<th><strong>C</strong></th>\r\n<th><strong>S</strong></th>\r\n<th><strong>P</strong></th>\r\n<th><strong>Si+Fe+Se</strong></th>\r\n</tr>\r\n</thead>\r\n<tbody>\r\n<tr>\r\n<th scope=\"row\"><strong>99,7% min</strong></th>\r\n<th scope=\"row\"><strong>0,03% max</strong></th>\r\n<th scope=\"row\"><strong>0,05% max</strong></th>\r\n<th scope=\"row\"><strong>0,005% max</strong></th>\r\n<th scope=\"row\"><strong>0,205% max</strong></th>\r\n</tr>\r\n</tbody>\r\n</table>\r\n<p><strong>Forma produsului</strong>: fulgi</p>', 2, 'https://elei.b-cdn.net/MDSMetals/products/mangan-metalic2.jpg'),
(13, 'Magnesium', '<p><strong>Compozitie chimica</strong>: Conform&nbsp;<strong>SR EN 12421-2000</strong>&nbsp;cu Magneziu minim 99,9%.</p>\r\n<p><strong>Forma produsului</strong>: lingouri</p>', 2, 'https://elei.b-cdn.net/MDSMetals/products/magnesium.jpg'),
(14, 'Zinc', '<p><strong>Compozitie chimica</strong>: Conform&nbsp;<strong>SR-EN 1179:2006:</strong></p>\r\n<table class=\"table table-striped\" width=\"516\">\r\n<thead>\r\n<tr>\r\n<th>Marca</th>\r\n<th><strong>Zinc R1</strong></th>\r\n<th><strong>Zinc R2</strong></th>\r\n</tr>\r\n</thead>\r\n<tbody>\r\n<tr>\r\n<th scope=\"row\">Zn</th>\r\n<td><strong>99,995%</strong></td>\r\n<td><strong>99,99%</strong></td>\r\n</tr>\r\n<tr>\r\n<th scope=\"row\">Pb</th>\r\n<td><strong>0,003% max</strong></td>\r\n<td><strong>0,005% max</strong></td>\r\n</tr>\r\n<tr>\r\n<th scope=\"row\">Cd</th>\r\n<td><strong>0,003% max</strong></td>\r\n<td><strong>0,003% max</strong></td>\r\n</tr>\r\n<tr>\r\n<th scope=\"row\">Fe</th>\r\n<td><strong>0,002% max</strong></td>\r\n<td><strong>0,003% max</strong></td>\r\n</tr>\r\n<tr>\r\n<th scope=\"row\">Sn</th>\r\n<td><strong>0,001% max</strong></td>\r\n<td><strong>0,001% max</strong></td>\r\n</tr>\r\n<tr>\r\n<th scope=\"row\">Cu</th>\r\n<td><strong>0,001% max</strong></td>\r\n<td><strong>0,002% max</strong></td>\r\n</tr>\r\n<tr>\r\n<th scope=\"row\">Al</th>\r\n<td><strong>0,001% max</strong></td>\r\n<td><strong>&ndash;</strong></td>\r\n</tr>\r\n</tbody>\r\n</table>\r\n<p><strong>Forma produsului</strong>: lingouri</p>', 2, 'https://elei.b-cdn.net/MDSMetals/products/zinc-1.jpg'),
(15, 'Staniu', '<p><strong>Compozitie chimica</strong>: Conform&nbsp;<strong>EN 610-1995</strong>&nbsp;cu Staniu 99.99%</p>\r\n<p><strong>Forma produsului</strong>: lingouri, baghete, sarma</p>', 2, 'https://elei.b-cdn.net/MDSMetals/products/staniu-baghete.jpg'),
(16, 'Nichel', '<p><strong>Compozitie chimica</strong>: Conform&nbsp;<strong>SR ISO 6283-1995</strong>&nbsp;cu Nichel minim 99,8%.<br><strong>Forma produsului</strong>: bile, placi de 1000&times;1000 mm sau de 100&times;100 mm</p>\r\n<p>&nbsp;</p>', 2, 'https://elei.b-cdn.net/MDSMetals/products/NICKEL.jpg'),
(17, 'Ferromolybdenum (FeMo)', '<p><strong>Compozitie chimica</strong>: Conform&nbsp;<strong>SR ISO 5452-1995:</strong></p>\r\n<table class=\"table table-striped\" width=\"489\">\r\n<thead></thead>\r\n<tbody>\r\n<tr>\r\n<th scope=\"row\">Mo</th>\r\n<td><strong>60-75%</strong></td>\r\n</tr>\r\n<tr>\r\n<th scope=\"row\">Si</th>\r\n<td><strong>1% max</strong></td>\r\n</tr>\r\n<tr>\r\n<th scope=\"row\">P</th>\r\n<td><strong>0,05% max</strong></td>\r\n</tr>\r\n<tr>\r\n<th scope=\"row\">S</th>\r\n<td><strong>0,1% max</strong></td>\r\n</tr>\r\n<tr>\r\n<th scope=\"row\">C</th>\r\n<td><strong>0,1% max</strong></td>\r\n</tr>\r\n<tr>\r\n<th scope=\"row\">Cu</th>\r\n<td><strong>0,5% max</strong></td>\r\n</tr>\r\n</tbody>\r\n</table>\r\n<p><strong>Granulatie : 10-50 mm</strong></p>', 1, 'https://elei.b-cdn.net/MDSMetals/products/ferralloys/fero-milobdenum-1-2.jpg'),
(18, 'Ferrovanadium (FeV)', '<p><strong>Compozitie chimica</strong>: Conform&nbsp;<strong>SR ISO 5451-1996</strong></p>\r\n<table class=\"table table-striped\" width=\"489\">\r\n<thead></thead>\r\n<tbody>\r\n<tr>\r\n<th scope=\"row\">V</th>\r\n<td><strong>75 &ndash; 85%</strong></td>\r\n</tr>\r\n<tr>\r\n<th scope=\"row\">Mn</th>\r\n<td><strong>max 2,7%</strong></td>\r\n</tr>\r\n<tr>\r\n<th scope=\"row\">Si</th>\r\n<td><strong>max 1,8%</strong></td>\r\n</tr>\r\n<tr>\r\n<th scope=\"row\">C</th>\r\n<td><strong>max 0,4%</strong></td>\r\n</tr>\r\n<tr>\r\n<th scope=\"row\">Al</th>\r\n<td><strong>max 0,3%</strong></td>\r\n</tr>\r\n</tbody>\r\n</table>\r\n<p><strong>Granulatie</strong>: 10-50 mm</p>', 1, 'https://elei.b-cdn.net/MDSMetals/products/ferralloys/fero-vanadiu.jpg'),
(19, 'Ferroboron (FeB)', '<p><strong>Compozitie chimica (conform ISO 5446-80):</strong></p>\r\n<table class=\"table table-striped\" width=\"516\">\r\n<thead>\r\n<tr>\r\n<th>Element</th>\r\n<th>FeB 18-20</th>\r\n<th>FeB 14-18</th>\r\n</tr>\r\n</thead>\r\n<tbody>\r\n<tr>\r\n<th scope=\"row\">B</th>\r\n<td><strong>Min 18 &ndash; 20 %</strong></td>\r\n<td><strong>Min 14 &ndash; 18 %</strong></td>\r\n</tr>\r\n<tr>\r\n<th scope=\"row\">Si</th>\r\n<td><strong>Max 3 %</strong></td>\r\n<td><strong>Max 0,5 %</strong></td>\r\n</tr>\r\n<tr>\r\n<th scope=\"row\">S</th>\r\n<td><strong>Max 0,045 %</strong></td>\r\n<td><strong>Max 0,2 %</strong></td>\r\n</tr>\r\n<tr>\r\n<th scope=\"row\">Al</th>\r\n<td><strong>Max 0,3 %</strong></td>\r\n<td><strong>Max 0,5 %</strong></td>\r\n</tr>\r\n<tr>\r\n<th scope=\"row\">C</th>\r\n<td><strong>Max 0,5 %</strong></td>\r\n<td><strong>Max 0,5 %</strong></td>\r\n</tr>\r\n<tr>\r\n<th scope=\"row\">P</th>\r\n<td><strong>Max 0,045 %</strong></td>\r\n<td><strong>Max 0,05 %</strong></td>\r\n</tr>\r\n</tbody>\r\n</table>\r\n<p><strong>Granulatie</strong>: 10 &ndash; 50 mm<br><strong>Ambalare</strong> : Butoaie, Big-Bags</p>', 1, 'https://elei.b-cdn.net/MDSMetals/products/ferralloys/Ferroboron_FEROBOR_FeB_r.jpg'),
(20, 'Ferrosilicon (FeSi)', '<p><strong>Compozitie chimica</strong>: Conform&nbsp;<strong>SR ISO 5445-1995</strong></p>\r\n<table class=\"table table-striped\" width=\"516\">\r\n<thead>\r\n<tr>\r\n<th>&nbsp;</th>\r\n<th><strong>FeSi 65</strong></th>\r\n<th><strong>FeSi 70</strong></th>\r\n<th><strong>FeSi 75</strong></th>\r\n</tr>\r\n</thead>\r\n<tbody>\r\n<tr>\r\n<th scope=\"row\">Si</th>\r\n<td><strong>63-67 %</strong></td>\r\n<td><strong>68-74 %</strong></td>\r\n<td><strong>75 % min</strong></td>\r\n</tr>\r\n<tr>\r\n<th scope=\"row\">C</th>\r\n<td><strong>0.2 % max</strong></td>\r\n<td><strong>0.2 % max</strong></td>\r\n<td><strong>0.2 % max</strong></td>\r\n</tr>\r\n<tr>\r\n<th scope=\"row\">S</th>\r\n<td><strong>0.04 % max</strong></td>\r\n<td><strong>0.04 % max</strong></td>\r\n<td><strong>0.04 % max</strong></td>\r\n</tr>\r\n<tr>\r\n<th scope=\"row\">P</th>\r\n<td><strong>0.025 % max</strong></td>\r\n<td><strong>0.025 % max</strong></td>\r\n<td><strong>0.025 % max</strong></td>\r\n</tr>\r\n<tr>\r\n<th scope=\"row\">Al</th>\r\n<td><strong>2 % max</strong></td>\r\n<td><strong>0.02-2 %</strong></td>\r\n<td><strong>0.02-2 %</strong></td>\r\n</tr>\r\n<tr>\r\n<th scope=\"row\">Mn</th>\r\n<td><strong>0.4 % max</strong></td>\r\n<td><strong>0.4 % max</strong></td>\r\n<td><strong>0.5 % max</strong></td>\r\n</tr>\r\n<tr>\r\n<th scope=\"row\">Cr</th>\r\n<td><strong>0.4 % max</strong></td>\r\n<td><strong>0.4 % max</strong></td>\r\n<td><strong>0.4 % max</strong></td>\r\n</tr>\r\n</tbody>\r\n</table>\r\n<p><strong>Granulatie</strong>: 10 &ndash; 100 MM; 10-80mm;</p>', 1, 'https://elei.b-cdn.net/MDSMetals/products/ferralloys/Fero-siliciu-490x442.jpg'),
(21, 'Ferromanganese (FeSiMn)', '<p><strong>Compozitie chimica</strong>: Conform&nbsp;<strong>SR ISO 5447-1995</strong></p>\r\n<table class=\"table table-striped\" width=\"516\">\r\n<thead>\r\n<tr>\r\n<th>&nbsp;</th>\r\n<th><strong>Calitate standard</strong></th>\r\n<th><strong>Fosfor mic(Low P)</strong></th>\r\n<th><strong>Fosfor mare(High P)</strong></th>\r\n</tr>\r\n</thead>\r\n<tbody>\r\n<tr>\r\n<th scope=\"row\">Mn</th>\r\n<td><strong>65% min</strong></td>\r\n<td><strong>65% min</strong></td>\r\n<td><strong>60% min</strong></td>\r\n</tr>\r\n<tr>\r\n<th scope=\"row\">Si</th>\r\n<td><strong>65% min</strong></td>\r\n<td><strong>65% min</strong></td>\r\n<td><strong>12-14% min</strong></td>\r\n</tr>\r\n<tr>\r\n<th scope=\"row\">S</th>\r\n<td><strong>0,03% max</strong></td>\r\n<td><strong>0,02% max</strong></td>\r\n<td><strong>0,04% max</strong></td>\r\n</tr>\r\n<tr>\r\n<th scope=\"row\">P</th>\r\n<td><strong>0,35% max</strong></td>\r\n<td><strong>0,15% max</strong></td>\r\n<td><strong>0,70% max</strong></td>\r\n</tr>\r\n<tr>\r\n<th scope=\"row\">C</th>\r\n<td><strong>2% max</strong></td>\r\n<td><strong>2% max</strong></td>\r\n<td><strong>2,50% max</strong></td>\r\n</tr>\r\n</tbody>\r\n</table>\r\n<p><strong>Granulatie</strong>: 0 &ndash; 13 mm; 10 &ndash; 50 mm; 10 &ndash; 80 mm; 10 &ndash; 100 mm;</p>', 1, 'https://elei.b-cdn.net/MDSMetals/products/ferralloys/silico-manganese1-1.jpg'),
(22, 'Feromangan (FeMn)', '<p><strong>Compozitie chimica</strong>: Conform&nbsp;<strong>SR ISO 5446-1995</strong></p>\r\n<table class=\"table table-striped\" width=\"516\">\r\n<thead>\r\n<tr>\r\n<th>&nbsp;</th>\r\n<th>&nbsp;</th>\r\n<th><strong>FeMn Standard</strong></th>\r\n<th><strong>FeMn Afinat</strong></th>\r\n</tr>\r\n</thead>\r\n<tbody>\r\n<tr>\r\n<th scope=\"row\">Mn</th>\r\n<td><strong>min.</strong></td>\r\n<td><strong>75%</strong></td>\r\n<td><strong>76% &ndash; 78%</strong></td>\r\n</tr>\r\n<tr>\r\n<th scope=\"row\">C</th>\r\n<td><strong>max.</strong></td>\r\n<td><strong>6% &ndash; 8%</strong></td>\r\n<td><strong>0,5% &ndash; 1,0%-1,5%-2,0%</strong></td>\r\n</tr>\r\n<tr>\r\n<th scope=\"row\">Si</th>\r\n<td><strong>max.</strong></td>\r\n<td><strong>0,5%-1,0%-1,5%-2%</strong></td>\r\n<td><strong>0,5%-1,0%-1,5%</strong></td>\r\n</tr>\r\n<tr>\r\n<th scope=\"row\">P</th>\r\n<td><strong>max.</strong></td>\r\n<td><strong>0,10%-0,15%-0,20%</strong></td>\r\n<td><strong>0,10%-0,15%-0,20%</strong></td>\r\n</tr>\r\n<tr>\r\n<th scope=\"row\">S</th>\r\n<td><strong>max.</strong></td>\r\n<td><strong>0,03%</strong></td>\r\n<td><strong>0,03%</strong></td>\r\n</tr>\r\n</tbody>\r\n</table>\r\n<p><strong>Granulatie</strong>: 10-100 mm;</p>', 1, 'https://elei.b-cdn.net/MDSMetals/products/ferralloys/feromangan-720x480-490x480.jpg'),
(23, 'Ferrochronium (FeCr)', '<p><strong>Compozitie chimica</strong>: Conform&nbsp;<strong>SR ISO 5448-1993</strong></p>\r\n<table class=\"table table-striped\" width=\"516\">\r\n<thead>\r\n<tr>\r\n<th>&nbsp;</th>\r\n<th>FeCr standard (HC)</th>\r\n<th>FeCr afanat&nbsp; (LC)</th>\r\n</tr>\r\n</thead>\r\n<tbody>\r\n<tr>\r\n<th scope=\"row\">Cr</th>\r\n<td><strong>min 60 %</strong></td>\r\n<td><strong>min 65 %</strong></td>\r\n</tr>\r\n<tr>\r\n<th scope=\"row\">C</th>\r\n<td><strong>6 &ndash; 9 %</strong></td>\r\n<td><strong>max 0,1 %</strong></td>\r\n</tr>\r\n<tr>\r\n<th scope=\"row\">Si</th>\r\n<td><strong>max 1,5 %</strong></td>\r\n<td><strong>max 1 %</strong></td>\r\n</tr>\r\n<tr>\r\n<th scope=\"row\">P</th>\r\n<td><strong>max 0,04 %</strong></td>\r\n<td><strong>max 0,02 %</strong></td>\r\n</tr>\r\n<tr>\r\n<th scope=\"row\">S</th>\r\n<td><strong>max 0,04 %</strong></td>\r\n<td><strong>max 0,02 %</strong></td>\r\n</tr>\r\n</tbody>\r\n</table>\r\n<p><strong>Granulatie:</strong> 10-80 mm;</p>', 1, 'https://elei.b-cdn.net/MDSMetals/products/ferralloys/ferocrom2.jpeg'),
(24, 'Low Carbon Ferrochrome (LC)', '-', 1, 'https://elei.b-cdn.net/MDSMetals/products/ferralloys/Fero-Crom-Low-carbon-lc-1.jpg'),
(25, 'High Carbon Ferrochrome', '-', 1, 'https://elei.b-cdn.net/MDSMetals/products/ferralloys/fero.jpg'),
(26, 'Ferrotitanium', '-', 1, 'https://elei.b-cdn.net/MDSMetals/products/ferralloys/Ferrotitanium_-_3_thumb1.jpg'),
(27, 'Ferrowolfram', '-', 1, 'https://elei.b-cdn.net/MDSMetals/products/ferralloys/Ferro-wolfram-FeW.gif'),
(28, 'Ferroniobium', '-', 1, 'https://elei.b-cdn.net/MDSMetals/products/ferralloys/feroniobiu.jpg');

--
-- Indexes for dumped tables
--

--
-- Indexes for table `blogs`
--
ALTER TABLE `blogs`
  ADD PRIMARY KEY (`id`);

--
-- Indexes for table `categories`
--
ALTER TABLE `categories`
  ADD PRIMARY KEY (`id`);

--
-- Indexes for table `products`
--
ALTER TABLE `products`
  ADD PRIMARY KEY (`id`),
  ADD KEY `PRODUCT_CATEGORY_FK` (`category_id`);

--
-- AUTO_INCREMENT for dumped tables
--

--
-- AUTO_INCREMENT for table `blogs`
--
ALTER TABLE `blogs`
  MODIFY `id` int(11) NOT NULL AUTO_INCREMENT, AUTO_INCREMENT=4;

--
-- AUTO_INCREMENT for table `categories`
--
ALTER TABLE `categories`
  MODIFY `id` int(11) NOT NULL AUTO_INCREMENT, AUTO_INCREMENT=6;

--
-- AUTO_INCREMENT for table `products`
--
ALTER TABLE `products`
  MODIFY `id` int(11) NOT NULL AUTO_INCREMENT, AUTO_INCREMENT=29;

--
-- Constraints for dumped tables
--

--
-- Constraints for table `products`
--
ALTER TABLE `products`
  ADD CONSTRAINT `PRODUCT_CATEGORY_FK` FOREIGN KEY (`category_id`) REFERENCES `categories` (`id`) ON DELETE NO ACTION ON UPDATE NO ACTION;
COMMIT;

/*!40101 SET CHARACTER_SET_CLIENT=@OLD_CHARACTER_SET_CLIENT */;
/*!40101 SET CHARACTER_SET_RESULTS=@OLD_CHARACTER_SET_RESULTS */;
/*!40101 SET COLLATION_CONNECTION=@OLD_COLLATION_CONNECTION */;
